,train loss,valid loss
1,0.07295597563513401,0.035098871837059654
