,train loss,valid loss
1,0.12288485395938459,0.11150542398293813
